,loss,accuracy,val_loss,val_accuracy,val_f1,val_recall,val_precision,Scenario,epoch
0,0.5588849186897278,0.7914551496505737,0.418125182390213,0.8894472122192383,0.4707446808510638,0.5,0.44472361809045224,Pr_PoIm,1
1,0.46233609318733215,0.8049915432929993,0.35078859329223633,0.8894472122192383,0.4707446808510638,0.5,0.44472361809045224,Pr_PoIm,2
2,0.44200241565704346,0.8130287528038025,0.628656268119812,0.8894472122192383,0.4707446808510638,0.5,0.44472361809045224,Pr_PoIm,3
3,0.4588243067264557,0.8087986707687378,0.5784799456596375,0.8894472122192383,0.4707446808510638,0.5,0.44472361809045224,Pr_PoIm,4
4,0.7161334156990051,0.7426624894142151,0.5493462085723877,0.8598726391792297,0.4623287671232877,0.5,0.4299363057324841,Pr_Im,1
5,0.4848136305809021,0.7772536873817444,0.4425700902938843,0.8598726391792297,0.4623287671232877,0.5,0.4299363057324841,Pr_Im,2
6,0.4658319056034088,0.7851153016090393,0.45435813069343567,0.8598726391792297,0.4623287671232877,0.5,0.4299363057324841,Pr_Im,3
7,0.4271765947341919,0.8144654035568237,0.6704344749450684,0.8471337556838989,0.4586206896551724,0.4925925925925926,0.4290322580645161,Pr_Im,4
