,loss,accuracy,val_loss,val_accuracy,val_f1,val_recall,val_precision,Scenario,epoch
0,0.540023684501648,0.7944162487983704,0.5610306859016418,0.8643215894699097,0.46361185983827496,0.4858757062146893,0.44329896907216493,Pr_PoIm,1
1,0.4590323567390442,0.8079526424407959,0.4581224322319031,0.8894472122192383,0.4707446808510638,0.5,0.44472361809045224,Pr_PoIm,2
2,0.4296707212924957,0.8202199935913086,0.5000737905502319,0.8894472122192383,0.4707446808510638,0.5,0.44472361809045224,Pr_PoIm,3
3,0.4260239005088806,0.8214889764785767,0.46734189987182617,0.8894472122192383,0.4707446808510638,0.5,0.44472361809045224,Pr_PoIm,4
4,0.4130948781967163,0.8278341889381409,0.47622910141944885,0.8894472122192383,0.4707446808510638,0.5,0.44472361809045224,Pr_PoIm,5
5,0.6114218235015869,0.7589098811149597,5.790866851806641,0.8598726391792297,0.4623287671232877,0.5,0.4299363057324841,Pr_Im,1
6,0.4810425341129303,0.7746331095695496,0.5148770213127136,0.8598726391792297,0.4623287671232877,0.5,0.4299363057324841,Pr_Im,2
7,0.4617794156074524,0.7919287085533142,0.6580418944358826,0.8598726391792297,0.4623287671232877,0.5,0.4299363057324841,Pr_Im,3
8,0.4900433123111725,0.7751572132110596,0.7764559984207153,0.8598726391792297,0.4623287671232877,0.5,0.4299363057324841,Pr_Im,4
