,loss,accuracy,val_loss,val_accuracy,val_f1,val_recall,val_precision,Scenario,epoch
0,0.8288551568984985,0.5858425498008728,0.650275468826294,0.6477987170219421,0.3931297709923664,0.5,0.3238993710691824,PrPo_Im,1
1,0.7237845063209534,0.6090860962867737,0.6511837840080261,0.6477987170219421,0.3931297709923664,0.5,0.3238993710691824,PrPo_Im,2
2,0.6934830546379089,0.6196513175964355,0.6587899923324585,0.6477987170219421,0.3931297709923664,0.5,0.3238993710691824,PrPo_Im,3
3,0.6899306774139404,0.6302165985107422,0.657906711101532,0.6477987170219421,0.3931297709923664,0.5,0.3238993710691824,PrPo_Im,4
4,0.67051100730896,0.6386687755584717,0.6587008237838745,0.6477987170219421,0.3931297709923664,0.5,0.3238993710691824,PrPo_Im,5
5,0.5899919271469116,0.6693079471588135,0.6484254002571106,0.6477987170219421,0.3931297709923664,0.5,0.3238993710691824,PrPo_Im,6
