,loss,accuracy,val_loss,val_accuracy,val_f1,val_recall,val_precision,Scenario,epoch
0,0.8295860886573792,0.5832012891769409,0.6618463397026062,0.6477987170219421,0.3931297709923664,0.5,0.3238993710691824,PrPo_Im,1
1,0.7165969014167786,0.6296883225440979,0.6567726135253906,0.6477987170219421,0.3931297709923664,0.5,0.3238993710691824,PrPo_Im,2
2,0.7065170407295227,0.6196513175964355,0.6496232151985168,0.6477987170219421,0.3931297709923664,0.5,0.3238993710691824,PrPo_Im,3
3,0.6296789050102234,0.6682514548301697,0.6489048600196838,0.6477987170219421,0.3931297709923664,0.5,0.3238993710691824,PrPo_Im,4
4,0.5937923192977905,0.6851558089256287,0.6608750224113464,0.6477987170219421,0.3931297709923664,0.5,0.3238993710691824,PrPo_Im,5
5,0.5444070100784302,0.6967775821685791,0.6502909064292908,0.6477987170219421,0.3931297709923664,0.5,0.3238993710691824,PrPo_Im,6
