,loss,accuracy,val_loss,val_accuracy,val_f1,val_recall,val_precision,Scenario,epoch
0,0.6470956802368164,0.6757281422615051,0.4564952850341797,0.8428571224212646,0.4573643410852713,0.5,0.42142857142857143,Pr_PoIm,1
1,0.5554941296577454,0.784466028213501,0.5722299814224243,0.8399999737739563,0.45652173913043487,0.49830508474576274,0.42120343839541546,Pr_PoIm,2
2,0.5758128762245178,0.7398058176040649,0.8333450555801392,0.8428571224212646,0.4573643410852713,0.5,0.42142857142857143,Pr_PoIm,3
3,0.5077758431434631,0.784466028213501,0.5955612659454346,0.8428571224212646,0.4573643410852713,0.5,0.42142857142857143,Pr_PoIm,4
4,0.5060918927192688,0.7883495092391968,0.5311565399169922,0.8428571224212646,0.4573643410852713,0.5,0.42142857142857143,Pr_PoIm,5
5,0.5004990100860596,0.7922329902648926,0.617698073387146,0.6657142639160156,0.48588216092704417,0.49106317411402156,0.49371096460791114,Pr_PoIm,6
