,loss,accuracy,val_loss,val_accuracy,val_f1,val_recall,val_precision,Scenario,epoch
0,0.8013418912887573,0.5816164612770081,0.6673767566680908,0.6477987170219421,0.3931297709923664,0.5,0.3238993710691824,PrPo_Im,1
1,0.7132536768913269,0.6138404607772827,0.6489050388336182,0.6477987170219421,0.3931297709923664,0.5,0.3238993710691824,PrPo_Im,2
2,0.6790758967399597,0.6302165985107422,0.6565956473350525,0.6477987170219421,0.3931297709923664,0.5,0.3238993710691824,PrPo_Im,3
3,0.6582856178283691,0.6534601449966431,0.649048924446106,0.6477987170219421,0.3931297709923664,0.5,0.3238993710691824,PrPo_Im,4
4,0.5921434164047241,0.6740623116493225,0.6525934934616089,0.6477987170219421,0.3931297709923664,0.5,0.3238993710691824,PrPo_Im,5
5,0.5288888216018677,0.7126254439353943,0.6494003534317017,0.6477987170219421,0.3931297709923664,0.5,0.3238993710691824,PrPo_Im,6
