,loss,accuracy,val_loss,val_accuracy,val_f1,val_recall,val_precision,Scenario,epoch
0,0.8621391654014587,0.5684099197387695,0.658564567565918,0.6477987170219421,0.3931297709923664,0.5,0.3238993710691824,PrPo_Im,1
1,0.7374811768531799,0.6075013279914856,0.6560313701629639,0.6477987170219421,0.3931297709923664,0.5,0.3238993710691824,PrPo_Im,2
2,0.7063241004943848,0.6180665493011475,0.6482712626457214,0.6477987170219421,0.3931297709923664,0.5,0.3238993710691824,PrPo_Im,3
3,0.7094518542289734,0.6059165596961975,0.648794949054718,0.6477987170219421,0.3931297709923664,0.5,0.3238993710691824,PrPo_Im,4
4,0.6490732431411743,0.6460644602775574,0.6614181995391846,0.6477987170219421,0.3931297709923664,0.5,0.3238993710691824,PrPo_Im,5
5,0.6673515439033508,0.639197051525116,0.6492575407028198,0.6477987170219421,0.3931297709923664,0.5,0.3238993710691824,PrPo_Im,6
